id,title,score,num_comments,author,created_utc,url,over_18,edited,spoiler,stickied
1gqd1wa,Has your engineering work ever gone to waste?,96,87,gangana3,2024-11-13 13:37:24,https://www.reddit.com/r/dataengineering/comments/1gqd1wa/has_your_engineering_work_ever_gone_to_waste/,False,False,False,False
1gqfnf6,Companies that run DuckDB in prod,46,2,TransportationOk2403,2024-11-13 15:37:39,https://motherduck.com/blog/15-companies-duckdb-in-prod/,False,False,False,False
1gqvzi9,"Diffs between Data Engineer, BI Engineer/Analytic Engineer, Technical Data Analyst",27,10,kikashy,2024-11-14 03:43:52,https://www.reddit.com/r/dataengineering/comments/1gqvzi9/diffs_between_data_engineer_bi_engineeranalytic/,False,False,False,False
1gqfzyf,Big List of Database Certifications Here,20,7,Professional_Shoe392,2024-11-13 15:52:30,https://www.reddit.com/r/dataengineering/comments/1gqfzyf/big_list_of_database_certifications_here/,False,False,False,False
1gqpbdy,Does pandas make sense for cloud projects?,18,42,antonito901,2024-11-13 22:20:33,https://www.reddit.com/r/dataengineering/comments/1gqpbdy/does_pandas_make_sense_for_cloud_projects/,False,False,False,False
1gqxi10,"Feeling like imposter in DE field , not sure how to proceed?",16,4,Dead-Shot1,2024-11-14 05:10:31,https://www.reddit.com/r/dataengineering/comments/1gqxi10/feeling_like_imposter_in_de_field_not_sure_how_to/,False,False,False,False
1gqecez,Books/courses recommendations to help fill in gaps in my DE knowledge,15,3,szlipak,2024-11-13 14:40:04,https://www.reddit.com/r/dataengineering/comments/1gqecez/bookscourses_recommendations_to_help_fill_in_gaps/,False,False,False,False
1gqy7io,"""Starting a Job Search as a Senior Data Engineer over 9 years experience â€“ Looking for Tips to Increase Salary and Land a Great Role!""",16,3,Recent_Scene1384,2024-11-14 05:53:20,https://www.reddit.com/r/dataengineering/comments/1gqy7io/starting_a_job_search_as_a_senior_data_engineer/,False,False,False,False
1gqiytt,Cleared DP-203 but I have a problem,13,7,Necessary-Sun-5123,2024-11-13 17:55:02,https://www.reddit.com/r/dataengineering/comments/1gqiytt/cleared_dp203_but_i_have_a_problem/,False,False,False,False
1gqmxuf,What other language to learn?,12,12,iron_stomach1,2024-11-13 20:39:40,https://www.reddit.com/r/dataengineering/comments/1gqmxuf/what_other_language_to_learn/,False,False,False,False
1gqzvt4,A question for Data Engineering Managers out there,7,5,ds_frm_timbuktu,2024-11-14 07:53:53,https://www.reddit.com/r/dataengineering/comments/1gqzvt4/a_question_for_data_engineering_managers_out_there/,False,False,False,False
1gqy6yi,Anaconda uninstallation,4,2,Professional-Mind811,2024-11-14 05:52:26,https://www.reddit.com/r/dataengineering/comments/1gqy6yi/anaconda_uninstallation/,False,False,False,False
1gqf2fv,How to calculate the optimal size of executors and memory per executor on shared cluster?,4,2,frustratedhu,2024-11-13 15:12:22,https://www.reddit.com/r/dataengineering/comments/1gqf2fv/how_to_calculate_the_optimal_size_of_executors/,False,False,False,False
1gqyy7f,Berkely Data101: Intro to Data Engineering - still good? Available remote?,2,1,PrettyEquipment6146,2024-11-14 06:44:13,https://www.reddit.com/r/dataengineering/comments/1gqyy7f/berkely_data101_intro_to_data_engineering_still/,False,False,False,False
1gqw179,Dagster for web scraping ?,6,3,Marshandar,2024-11-14 03:46:21,https://www.reddit.com/r/dataengineering/comments/1gqw179/dagster_for_web_scraping/,False,False,False,False
1gqibos,Looking to buy refurbished server of 128 GB or 256 GB,6,17,rishiarora,2024-11-13 17:28:17,https://www.reddit.com/r/dataengineering/comments/1gqibos/looking_to_buy_refurbished_server_of_128_gb_or/,False,False,False,False
1gqhw0w,Introducing Langchian-Beam ,5,2,mrshmello1,2024-11-13 17:11:01,https://www.reddit.com/r/dataengineering/comments/1gqhw0w/introducing_langchianbeam/,False,False,False,False
1gqgpit,New Data Engineering Specialization on Coursera,6,1,ChasingVectors,2024-11-13 16:22:15,https://www.reddit.com/r/dataengineering/comments/1gqgpit/new_data_engineering_specialization_on_coursera/,False,False,False,False
1gr0txv,Best LIVE online courses for Python/NLP/Data Science with actual instructors?,3,3,Surpr1Ze,2024-11-14 09:07:43,https://www.reddit.com/r/dataengineering/comments/1gr0txv/best_live_online_courses_for_pythonnlpdata/,False,False,False,False
1gquidj,Request for Feedback - Blog on Serverless Computing,3,1,numb-goat,2024-11-14 02:26:20,https://www.reddit.com/r/dataengineering/comments/1gquidj/request_for_feedback_blog_on_serverless_computing/,False,False,False,False
1gr1cj5,Reduce BI costs advices,2,1,Alternative-Guava392,2024-11-14 09:49:05,https://www.reddit.com/r/dataengineering/comments/1gr1cj5/reduce_bi_costs_advices/,False,False,False,False
1gqwoha,Is it possible to have two active iceberg catalogs against the same data? ,2,0,CDCheerios,2024-11-14 04:22:26,https://www.reddit.com/r/dataengineering/comments/1gqwoha/is_it_possible_to_have_two_active_iceberg/,False,False,False,False
1gquqh4,Is the Order of Text Preprocessing Steps Correct for a Twitter-based Dataset ?,2,0,Creative_Collar_841,2024-11-14 02:37:41,https://www.reddit.com/r/dataengineering/comments/1gquqh4/is_the_order_of_text_preprocessing_steps_correct/,False,False,False,False
1gqhc1o,Kedro for pipelines,2,0,Southern_Sky7678,2024-11-13 16:48:11,https://www.reddit.com/r/dataengineering/comments/1gqhc1o/kedro_for_pipelines/,False,False,False,False
1gr2y0v,Books / Courses on MLOps for Training Large Models,1,1,CodingButStillAlive,2024-11-14 11:44:03,https://www.reddit.com/r/dataengineering/comments/1gr2y0v/books_courses_on_mlops_for_training_large_models/,False,False,False,False
1gr1muu,Daily Data load strategy Help,1,2,Future_Space_8095,2024-11-14 10:10:30,https://www.reddit.com/r/dataengineering/comments/1gr1muu/daily_data_load_strategy_help/,False,False,False,False
1gr1hfo,liquid clustering V/s zorder in databricks,1,0,stealth_mode101,2024-11-14 09:59:34,https://www.reddit.com/r/dataengineering/comments/1gr1hfo/liquid_clustering_vs_zorder_in_databricks/,False,False,False,False
1gqrf3j,Extracting Tables from Old PDFs with LLMs?,1,4,nodespots,2024-11-13 23:55:18,https://www.reddit.com/r/dataengineering/comments/1gqrf3j/extracting_tables_from_old_pdfs_with_llms/,False,False,False,False
1gqmnh2,Data Stack/ Platform for Small Research Organization,1,0,Automatic_Box_1370,2024-11-13 20:27:46,https://www.reddit.com/r/dataengineering/comments/1gqmnh2/data_stack_platform_for_small_research/,False,False,False,False
1gqiag9,Workplace productivity analysis ,1,1,CiaoVentures,2024-11-13 17:26:58,https://www.reddit.com/r/dataengineering/comments/1gqiag9/workplace_productivity_analysis/,False,False,False,False
1gqi4ck,Block compression Snappy on Parquet file,1,0,CompetitiveTill99,2024-11-13 17:20:12,https://www.reddit.com/r/dataengineering/comments/1gqi4ck/block_compression_snappy_on_parquet_file/,False,False,False,False
1gqgicj,Performance of Power BI Reports on data in Delta Lake tables,1,1,CompetitiveTill99,2024-11-13 16:13:55,https://www.reddit.com/r/dataengineering/comments/1gqgicj/performance_of_power_bi_reports_on_data_in_delta/,False,False,False,False
1gqnic1,Kafka Replication Without the (Offset) Gaps,0,1,warpstream_official,2024-11-13 21:03:29,https://www.reddit.com/r/dataengineering/comments/1gqnic1/kafka_replication_without_the_offset_gaps/,False,False,False,False
1gqu156,Worth the shift?,0,30,Tayvodenn18,2024-11-14 02:01:49,https://www.reddit.com/r/dataengineering/comments/1gqu156/worth_the_shift/,False,False,False,False
1gqzntp,There are some tech geeks who start coding at age of 12 or early teens and then become good SDEs early in career likewise do you think there are such people in DE who starts early. At what age do you get into DE ?,0,14,perfektenschlagggg,2024-11-14 07:36:20,https://www.reddit.com/r/dataengineering/comments/1gqzntp/there_are_some_tech_geeks_who_start_coding_at_age/,False,False,False,False
1gqrb8p,Most commonly used functions,0,3,idontknow_2706,2024-11-13 23:50:06,https://www.reddit.com/r/dataengineering/comments/1gqrb8p/most_commonly_used_functions/,False,False,False,False
1gr30cx,"Coding is important - actually, not by our Survey",0,10,OtherAd3010,2024-11-14 11:48:19,https://www.reddit.com/r/dataengineering/comments/1gr30cx/coding_is_important_actually_not_by_our_survey/,False,False,False,False
1gr1xxh,DISAPPOINTED ,0,12,Tayvodenn18,2024-11-14 10:33:47,https://www.reddit.com/r/dataengineering/comments/1gr1xxh/disappointed/,False,False,False,False
